codeblocks (22.04.23) experimental; urgency=low

  * C::B SVN Release 12797

 -- CB Team  <info@codeblocks.org>  Sat, 23 Apr 2022 00:00:00 +1000

codeblocks (20.03.01) released; urgency=low

  * Add previous Code::Blocks release date info below:
  * Thu Feb 20 2020 Teodor Petrov <tpetrov[at]codeblocks.org> - 20.03-1
  * Wed Jan 17 2018 Jens Lody <fedora[at]jenslody.de> - 17.12.svn.11269-1
  * Thu Dec 28 2017 Jens Lody <jens[at]codeblocks.org> - 17.12-1
  * Tue Jul 19 2016 Jens Lody <fedora[at]jenslody.de> - 16.01.svn.10885-1
  * Wed Feb 03 2016 Fedora Release Engineering <releng[at]fedoraproject.org> - 13.12-23
  * Fri Jan 15 2016 Jonathan Wakely <jwakely[at]redhat.com> - 13.12-22
  * Thu Sep 03 2015 Dan Horak <dan[at]danny.cz> - 13.12-21
  * Fri Aug 21 2015 Marcin Juszkiewicz <mjuszkiewicz[at]redhat.com> - 13.12-20
  * Wed Jul 29 2015 Fedora Release Engineering <rel-eng[at]lists.fedoraproject.org> - 13.12-19
  * Wed Jul 22 2015 David Tardon <dtardon[at]redhat.com> - 13.12-18
  * Wed Jun 17 2015 Fedora Release Engineering <rel-eng[at]lists.fedoraproject.org> - 13.12-17
  * Mon May 04 2015 Jason L Tibbitts III <tibbs[at]math.uh.edu> - 13.12-16
  * Sat May 02 2015 Kalev Lember <kalevlember[at]gmail.com> - 13.12-15
  * Tue Jan 27 2015 Petr Machata <pmachata[at]redhat.com> - 13.12-14
  * Fri Dec 12 2014 Dan Horak <dan[at]danny.cz> - 13.12-13
  * Wed Dec 03 2014 Dan Horak <dan[at]danny.cz> - 13.12-12
  * Fri Nov 21 2014 Dan Horak <dan[at]danny.cz> - 13.12-11
  * Thu Oct 02 2014 Rex Dieter <rdieter[at]fedoraproject.org> 13.12-10
  * Sat Aug 16 2014 Fedora Release Engineering <rel-eng[at]lists.fedoraproject.org> - 13.12-9
  * Thu Aug 14 2014 Richard Hughes <richard[at]hughsie.com> - 13.12-8
  * Mon Jul 07 2014 Richard Hughes <richard[at]hughsie.com> - 13.12-7
  * Mon Jul 07 2014 Richard Hughes <richard[at]hughsie.com> - 13.12-6
  * Sat Jun 07 2014 Fedora Release Engineering <rel-eng[at]lists.fedoraproject.org> - 13.12-5
  * Fri May 23 2014 Petr Machata <pmachata[at]redhat.com> - 13.12-4
  * Thu Mar 20 2014 Dan Horak <dan[at]danny.cz> - 13.12-3
  * Wed Feb 26 2014 Dan Horak <dan[at]danny.cz> - 13.12-2
  * Sun Dec 29 2013 Dan Horak <dan[at]danny.cz> - 13.12-1
  * Mon Nov 04 2013 Dan Horak <dan[at]danny.cz> - 12.11-2
  * Sun Sep 01 2013 Dan Horak <dan[at]danny.cz> - 12.11-1
  * Sat Aug 03 2013 Fedora Release Engineering <rel-eng[at]lists.fedoraproject.org> - 10.05-13
  * Tue Feb 19 2013 Rahul Sundaram <sundaram[at]fedoraproject.org> - 10.05-12
  * Wed Feb 13 2013 Fedora Release Engineering <rel-eng[at]lists.fedoraproject.org> - 10.05-11
  * Wed Jul 18 2012 Fedora Release Engineering <rel-eng[at]lists.fedoraproject.org> - 10.05-10
  * Tue May 22 2012 Dan Horak <dan[at]danny.cz> - 10.05-9
  * Tue Feb 28 2012 Fedora Release Engineering <rel-eng[at]lists.fedoraproject.org> - 10.05-8
  * Thu Jan 12 2012 Fedora Release Engineering <rel-eng[at]lists.fedoraproject.org> - 10.05-7
  * Tue Dec 06 2011 Adam Jackson <ajax[at]redhat.com> - 10.05-6
  * Tue Feb 08 2011 Fedora Release Engineering <rel-eng[at]lists.fedoraproject.org> - 10.05-5
  * Sat Aug 28 2010 Dan Horak <dan[at]danny.cz> - 10.05-4
  * Mon Jul 12 2010 Dan Horak <dan[at]danny.cz> - 10.05-3
  * Thu Jul  8 2010 Dan Horak <dan[at]danny.cz> - 10.05-2
  * Sun Jun 27 2010 Dan Horak <dan[at]danny.cz> - 10.05-1
  * Sat Feb 13 2010 Dan Horak <dan[at]danny.cz> - 8.02-10
  * Fri Jul 24 2009 Fedora Release Engineering <rel-eng[at]lists.fedoraproject.org> - 8.02-9
  * Mon Jun 15 2009 Dan Horak <dan[at]danny.cz> 8.02-8
  * Sat Feb 28 2009 Dan Horak <dan[at]danny.cz> 8.02-7
  * Tue Feb 24 2009 Fedora Release Engineering <rel-eng[at]lists.fedoraproject.org> - 8.02-6
  * Wed Feb 18 2009 Dan Horak <dan[at]danny.cz> 8.02-5
  * Fri Oct 31 2008 Dan Horak <dan[at]danny.cz> 8.02-4
  * Sat Sep 20 2008 Dan Horak <dan[at]danny.cz> 8.02-3
  * Fri Aug 29 2008 Dan Horak <dan[at]danny.cz> 8.02-2
  * Sun Mar  2 2008 Dan Horak <dan[at]danny.cz> 8.02-1
  * Mon Feb 18 2008 Dan Horak <dan[at]danny.cz> 1.0-0.30.20080211svn4872
  * Sun Feb 10 2008 Dan Horak <dan[at]danny.cz> 1.0-0.29.20080209svn4868
  * Tue Dec 11 2007 Dan Horak <dan[at]danny.cz> 1.0-0.28.20071210svn4719
  * Wed Aug 29 2007 Dan Horak <dan[at]danny.cz> 1.0-0.27.20070828svn4413
  * Wed Aug 29 2007 Fedora Release Engineering <rel-eng at fedoraproject dot org> - 1.0-0.26.20070718svn4280
  * Thu Jul 19 2007 Dan Horak <dan[at]danny.cz> 1.0-0.25.20070718svn4280
  * Sat Apr  7 2007 Dan Horak <dan[at]danny.cz> 1.0-0.24.20070406svn3816
  * Tue Feb 13 2007 Dan Horak <dan[at]danny.cz> 1.0-0.23.20070211svn3592
  * Tue Feb 13 2007 Dan Horak <dan[at]danny.cz> 1.0-0.22.20070211svn3592
  * Fri Jan 26 2007 Dan Horak <dan[at]danny.cz> 1.0-0.21.20070125svn3540
  * Fri Jan 26 2007 Dan Horak <dan[at]danny.cz> 1.0-0.20.20070125svn3540
  * Thu Jan 18 2007 Dan Horak <dan[at]danny.cz> 1.0-0.19.20070117svn3500
  * Fri Dec  8 2006 Dan Horak <dan[at]danny.cz> 1.0-0.18.20061207svn3357
  * Thu Nov 30 2006 Dan Horak <dan[at]danny.cz> 1.0-0.17.20061130svn3315
  * Tue Nov 28 2006 Dan Horak <dan[at]danny.cz> 1.0-0.16.20061128svn3295
  * Sat Nov 25 2006 Dan Horak <dan[at]danny.cz> 1.0-0.15.20061125svn3268
  * Tue Nov 21 2006 Dan Horak <dan[at]danny.cz> 1.0-0.14.20061121svn3253
  * Fri Nov 10 2006 Dan Horak <dan[at]danny.cz> 1.0-0.13.20061110svn3202
  * Fri Nov  3 2006 Dan Horak <dan[at]danny.cz> 1.0-0.12.20061102svn3170
  * Mon Oct 30 2006 Dan Horak <dan[at]danny.cz> 1.0-0.11.20061029svn3157
  * Sun Oct  8 2006 Dan Horak <dan[at]danny.cz> 1.0-0.10.20061007svn3030
  * Wed Sep 13 2006 Dan Horak <dan[at]danny.cz> 1.0-0.9.20060909svn2965
  * Sun Sep 10 2006 Dan Horak <dan[at]danny.cz> 1.0-0.8.20060909svn2965
  * Sun Sep  3 2006 Dan Horak <dan[at]danny.cz> 1.0-0.7.20060902svn2944
  * Sun Aug 20 2006 Dan Horak <dan[at]danny.cz> 1.0-0.6.20060820svn2882
  * Wed Aug 16 2006 Dan Horak <dan[at]danny.cz> 1.0-0.5.20060815svn2854
  * Wed Aug 16 2006 Dan Horak <dan[at]danny.cz> 1.0-0.4.20060812svn2840
  * Tue Aug 15 2006 Dan Horak <dan[at]danny.cz> 1.0-0.3.20060812svn2840
  * Sun Aug 13 2006 Dan Horak <dan[at]danny.cz> 1.0-0.2.20060812svn2840
  * Tue Aug 08 2006 Dan Horak <dan[at]danny.cz> 1.0-0.1.2824svn

 -- CB Team  <info@codeblocks.org>  Sat, 23 Apr 2022 00:00:00 +1000

